compound,margin_total,margin_total_band_low,margin_total_band_high,margin_free,band_low,band_high,censored,threshold,threshold_basis,threshold_source,threshold_error_rates,verdict,clinical_dose_mg,equivalent_dose_mg,equivalent_dose_band_low,equivalent_dose_band_high,n_assumptions,assumptions,result_line,key,partner_key,garside_rank,pod_uM,pod_low_uM,pod_high_uM,cmax_total_uM,fu_plasma,fu_plasma_range,published_mos_total,verdict_total_50,result_line_total
Ambrisentan,10,1.49751,17.3648,336.027,17.5337,336.027,True,375,free,"Ewart et al., Commun Med 2:154 (2022), Table 6 (threshold 375, chosen to maximise sensitivity at 100% specificity)","Liver-Chip, two donors: sensitivity 87% [62-96%], specificity 100% (27 drugs)",INCONCLUSIVE (censored below threshold),,,,,2,"chip POD (one donor informative): single value, 3-fold uncertainty assumed | fraction unbound in chip medium (2% FBS) as extrapolated by the study authors, treated as exact","Ambrisentan: margin (free) >336x. No toxicity observed up to the highest tested concentration, which does not reach the threshold of 375. Test higher before drawing a conclusion. Band: >17.5x to >336x.",ambrisentan,sitaxsentan,5,7.9,7.9,7.9,0.79,0.01,0.01-0.05,10,INCONCLUSIVE (censored below threshold),"Ambrisentan: margin (total) >10x. No toxicity observed up to the highest tested concentration, which does not reach the threshold of 50. Test higher before drawing a conclusion. Band: >1.52x to >17.3x."
Asunaprevir,4,1.49224,10.7479,125.931,28.9766,561.676,False,375,free,"Ewart et al., Commun Med 2:154 (2022), Table 6 (threshold 375, chosen to maximise sensitivity at 100% specificity)","Liver-Chip, two donors: sensitivity 87% [62-96%], specificity 100% (27 drugs)",STRADDLES,,,,,4,"chip POD (one donor informative): single value, 3-fold uncertainty assumed | total Cmax: single report (SD1), treated as exact | fraction unbound in plasma: single value, 3-fold uncertainty assumed | fraction unbound in chip medium (2% FBS) as extrapolated by the study authors, treated as exact",Asunaprevir: margin (free) 126x. Band: 29x to 562x. Band straddles the threshold of 375. This compound needs more chips before a decision.,asunaprevir,,2,3.0576,3.0576,3.0576,0.7644,0.012,0.004-0.036,4,BELOW,"Asunaprevir: margin (total) 4x - below the convention threshold 50 (Liver-Chip, two donors: sensitivity 80% [54-93%], specificity 100% (27 drugs)). Band: 1.49x to 10.8x."
Benoxaprofen,0.001,0.001,0.280628,0.0335987,0.0335987,40.233,False,375,free,"Ewart et al., Commun Med 2:154 (2022), Table 6 (threshold 375, chosen to maximise sensitivity at 100% specificity)","Liver-Chip, two donors: sensitivity 87% [62-96%], specificity 100% (27 drugs)",BELOW,,,,,1,"fraction unbound in chip medium (2% FBS) as extrapolated by the study authors, treated as exact","Benoxaprofen: margin (free) 0.034x - below the convention threshold 375 (Liver-Chip, two donors: sensitivity 87% [62-96%], specificity 100% (27 drugs)). Band: 0.034x to 40.2x.",benoxaprofen,,1,0.1491,0.1491,44.73,149.1,0.01,0.001-0.0101,0.001,BELOW,"Benoxaprofen: margin (total) 0.001x - below the convention threshold 50 (Liver-Chip, two donors: sensitivity 80% [54-93%], specificity 100% (27 drugs)). Band: 0.001x to 0.28x."
Beta-Estradiol,5,2.63407,32.4512,136.364,36.0059,550.164,True,375,free,"Ewart et al., Commun Med 2:154 (2022), Table 6 (threshold 375, chosen to maximise sensitivity at 100% specificity)","Liver-Chip, two donors: sensitivity 87% [62-96%], specificity 100% (27 drugs)",INCONCLUSIVE (censored below threshold),,,,,2,"chip POD (one donor informative): single value, 3-fold uncertainty assumed | fraction unbound in chip medium (2% FBS) as extrapolated by the study authors, treated as exact","Beta-Estradiol: margin (free) >136x. No toxicity observed up to the highest tested concentration, which does not reach the threshold of 375. Test higher before drawing a conclusion. Band: >36x to >550x.",estradiol,,3,0.003,0.003,0.003,0.0006,0.016,0.016-0.0515,5,INCONCLUSIVE (censored below threshold),"Beta-Estradiol: margin (total) >5x. No toxicity observed up to the highest tested concentration, which does not reach the threshold of 50. Test higher before drawing a conclusion. Band: >2.65x to >32.9x."
Buspirone,15,6.46052,54.7864,215.655,24.4667,439.918,True,375,free,"Ewart et al., Commun Med 2:154 (2022), Table 6 (threshold 375, chosen to maximise sensitivity at 100% specificity)","Liver-Chip, two donors: sensitivity 87% [62-96%], specificity 100% (27 drugs)",INCONCLUSIVE (censored below threshold),,,,,2,"chip POD (one donor informative): single value, 3-fold uncertainty assumed | fraction unbound in chip medium (2% FBS) as extrapolated by the study authors, treated as exact","Buspirone: margin (free) >216x. No toxicity observed up to the highest tested concentration, which does not reach the threshold of 375. Test higher before drawing a conclusion. Band: >24.5x to >440x.",buspirone,nefazodone,4,0.135,0.135,0.135,0.009,0.05,0.05-0.33,15,INCONCLUSIVE (censored below threshold),"Buspirone: margin (total) >15x. No toxicity observed up to the highest tested concentration, which does not reach the threshold of 50. Test higher before drawing a conclusion. Band: >6.49x to >54.8x."
Chlorpheniramine,200,10.8073,282.734,282.586,23.0277,645.744,True,375,free,"Ewart et al., Commun Med 2:154 (2022), Table 6 (threshold 375, chosen to maximise sensitivity at 100% specificity)","Liver-Chip, two donors: sensitivity 87% [62-96%], specificity 100% (27 drugs)",INCONCLUSIVE (censored below threshold),,,,,2,"chip POD (one donor informative): single value, 3-fold uncertainty assumed | fraction unbound in chip medium (2% FBS) as extrapolated by the study authors, treated as exact","Chlorpheniramine: margin (free) >283x. No toxicity observed up to the highest tested concentration, which does not reach the threshold of 375. Test higher before drawing a conclusion. Band: >23x to >646x.",chlorpheniramine,,3,8,8,8,0.04,0.7,0.285-0.7,200,INCONCLUSIVE (censored below threshold),"Chlorpheniramine: margin (total) >200x. No toxicity observed up to the highest tested concentration, which does not reach the threshold of 50. Test higher before drawing a conclusion. Band: >11x to >282x."
Clozapine,1.8,1.8,11.9663,24.218,19.1855,121.624,False,375,free,"Ewart et al., Commun Med 2:154 (2022), Table 6 (threshold 375, chosen to maximise sensitivity at 100% specificity)","Liver-Chip, two donors: sensitivity 87% [62-96%], specificity 100% (27 drugs)",BELOW,,,,,1,"fraction unbound in chip medium (2% FBS) as extrapolated by the study authors, treated as exact","Clozapine: margin (free) 24.2x - below the convention threshold 375 (Liver-Chip, two donors: sensitivity 87% [62-96%], specificity 100% (27 drugs)). Band: 19.2x to 122x.",clozapine,olanzapine,2,4.32,4.32,12,2.4,0.055,0.05-0.137,1.8,BELOW,"Clozapine: margin (total) 1.8x - below the convention threshold 50 (Liver-Chip, two donors: sensitivity 80% [54-93%], specificity 100% (27 drugs)). Band: 1.8x to 12.2x."
Diclofenac,1.8,0.472507,7.01648,72.2887,13.0889,206.6,False,375,free,"Ewart et al., Commun Med 2:154 (2022), Table 6 (threshold 375, chosen to maximise sensitivity at 100% specificity)","Liver-Chip, two donors: sensitivity 87% [62-96%], specificity 100% (27 drugs)",BELOW,,,,,2,"chip POD (one donor informative): single value, 3-fold uncertainty assumed | fraction unbound in chip medium (2% FBS) as extrapolated by the study authors, treated as exact","Diclofenac: margin (free) 72.3x - below the convention threshold 375 (Liver-Chip, two donors: sensitivity 87% [62-96%], specificity 100% (27 drugs)). Band: 13.1x to 207x.",diclofenac,,2,18.18,18.18,18.18,10.1,0.005,0.005-0.00988,1.8,BELOW,"Diclofenac: margin (total) 1.8x - below the convention threshold 50 (Liver-Chip, two donors: sensitivity 80% [54-93%], specificity 100% (27 drugs)). Band: 0.47x to 7.07x."
Entacapone,6,2.06021,15.0281,151.5,33.0379,283.607,True,375,free,"Ewart et al., Commun Med 2:154 (2022), Table 6 (threshold 375, chosen to maximise sensitivity at 100% specificity)","Liver-Chip, two donors: sensitivity 87% [62-96%], specificity 100% (27 drugs)",INCONCLUSIVE (censored below threshold),,,,,2,"chip POD (one donor informative): single value, 3-fold uncertainty assumed | fraction unbound in chip medium (2% FBS) as extrapolated by the study authors, treated as exact","Entacapone: margin (free) >151x. No toxicity observed up to the highest tested concentration, which does not reach the threshold of 375. Test higher before drawing a conclusion. Band: >33x to >284x.",entacapone,tolcapone,4,19.8,19.8,19.8,3.3,0.02,0.02-0.0422,6,INCONCLUSIVE (censored below threshold),"Entacapone: margin (total) >6x. No toxicity observed up to the highest tested concentration, which does not reach the threshold of 50. Test higher before drawing a conclusion. Band: >2.05x to >15x."
Fialuridine,0.1,0.0544611,1.47367,0.268333,0.0884264,2.68383,False,375,free,"Ewart et al., Commun Med 2:154 (2022), Table 6 (threshold 375, chosen to maximise sensitivity at 100% specificity)","Liver-Chip, two donors: sensitivity 87% [62-96%], specificity 100% (27 drugs)",BELOW,,,,,1,"fraction unbound in chip medium (2% FBS) as extrapolated by the study authors, treated as exact","Fialuridine: margin (free) 0.27x - below the convention threshold 375 (Liver-Chip, two donors: sensitivity 87% [62-96%], specificity 100% (27 drugs)). Band: 0.088x to 2.68x.",fialuridine,firu,1,0.064,0.064,1.792,0.64,0.36,0.36-0.88,0.1,BELOW,"Fialuridine: margin (total) 0.1x - below the convention threshold 50 (Liver-Chip, two donors: sensitivity 80% [54-93%], specificity 100% (27 drugs)). Band: 0.055x to 1.47x."
FIRU,108,40.1161,289.049,289.799,68.1009,1321.51,True,375,free,"Ewart et al., Commun Med 2:154 (2022), Table 6 (threshold 375, chosen to maximise sensitivity at 100% specificity)","Liver-Chip, two donors: sensitivity 87% [62-96%], specificity 100% (27 drugs)",INCONCLUSIVE (censored below threshold),,,,,5,"chip POD (one donor informative): single value, 3-fold uncertainty assumed | total Cmax: single report (SD1), treated as exact | fraction unbound in plasma: single value, 3-fold uncertainty assumed | fraction unbound in chip medium (2% FBS) as extrapolated by the study authors, treated as exact | Cmax and fraction unbound assumed equal to the partner drug by the study authors","FIRU: margin (free) >290x. No toxicity observed up to the highest tested concentration, which does not reach the threshold of 375. Test higher before drawing a conclusion. Band: >68.1x to >1,322x.",firu,fialuridine,5,69.12,69.12,69.12,0.64,0.36,0.12-1,108,INCONCLUSIVE (censored below threshold),"FIRU: margin (total) >108x. No toxicity observed up to the highest tested concentration, which does not reach the threshold of 50. Test higher before drawing a conclusion. Band: >40.2x to >290x."
Labetalol,22,20.5153,143.163,43.1215,43.1215,341.673,False,375,free,"Ewart et al., Commun Med 2:154 (2022), Table 6 (threshold 375, chosen to maximise sensitivity at 100% specificity)","Liver-Chip, two donors: sensitivity 87% [62-96%], specificity 100% (27 drugs)",BELOW,,,,,1,"fraction unbound in chip medium (2% FBS) as extrapolated by the study authors, treated as exact","Labetalol: margin (free) 43.1x - below the convention threshold 375 (Liver-Chip, two donors: sensitivity 87% [62-96%], specificity 100% (27 drugs)). Band: 43.1x to 342x.",labetalol,,1,58.96,58.96,69.68,2.68,0.5,0.347-0.5,22,STRADDLES,Labetalol: margin (total) 22x. Band: 20.4x to 143x. Band straddles the threshold of 50. This compound needs more chips before a decision.
Levofloxacin,33.7,11.228,81.346,44.6183,15.3062,111.142,True,375,free,"Ewart et al., Commun Med 2:154 (2022), Table 6 (threshold 375, chosen to maximise sensitivity at 100% specificity)","Liver-Chip, two donors: sensitivity 87% [62-96%], specificity 100% (27 drugs)",INCONCLUSIVE (censored below threshold),,,,,2,"chip POD (one donor informative): single value, 3-fold uncertainty assumed | fraction unbound in chip medium (2% FBS) as extrapolated by the study authors, treated as exact","Levofloxacin: margin (free) >44.6x. No toxicity observed up to the highest tested concentration, which does not reach the threshold of 375. Test higher before drawing a conclusion. Band: >15.3x to >111x.",levofloxacin,trovafloxacin,2,532.46,532.46,532.46,15.8,0.75,0.704-0.75,33.7,INCONCLUSIVE (censored below threshold),"Levofloxacin: margin (total) >33.7x. No toxicity observed up to the highest tested concentration, which does not reach the threshold of 50. Test higher before drawing a conclusion. Band: >11.2x to >81.1x."
Lomitapide,0.0005,0.000176506,0.0005,0.0227681,0.00412532,0.0425897,False,375,free,"Ewart et al., Commun Med 2:154 (2022), Table 6 (threshold 375, chosen to maximise sensitivity at 100% specificity)","Liver-Chip, two donors: sensitivity 87% [62-96%], specificity 100% (27 drugs)",BELOW,,,,,4,"MOS printed as 0 in Table 4: read as < 0.0005, 3-fold range below that | total Cmax: single report (SD1), treated as exact | fraction unbound in plasma: single value, 3-fold uncertainty assumed | fraction unbound in chip medium (2% FBS) as extrapolated by the study authors, treated as exact","Lomitapide: margin (free) 0.023x - below the convention threshold 375 (Liver-Chip, two donors: sensitivity 87% [62-96%], specificity 100% (27 drugs)). Band: 0.0041x to 0.043x.",lomitapide,,3,0,0,0,0.0017,0.002,0.000667-0.006,0,BELOW,"Lomitapide: margin (total) 0.0005x - below the convention threshold 50 (Liver-Chip, two donors: sensitivity 80% [54-93%], specificity 100% (27 drugs)). Band: 0.00018x to 0.0005x."
Nefazodone,1.4,0.49626,9.6646,47.0386,8.94081,206.214,False,375,free,"Ewart et al., Commun Med 2:154 (2022), Table 6 (threshold 375, chosen to maximise sensitivity at 100% specificity)","Liver-Chip, two donors: sensitivity 87% [62-96%], specificity 100% (27 drugs)",BELOW,,,,,2,"chip POD (one donor informative): single value, 3-fold uncertainty assumed | fraction unbound in chip medium (2% FBS) as extrapolated by the study authors, treated as exact","Nefazodone: margin (free) 47x - below the convention threshold 375 (Liver-Chip, two donors: sensitivity 87% [62-96%], specificity 100% (27 drugs)). Band: 8.94x to 206x.",nefazodone,buspirone,1,6.02,6.02,6.02,4.3,0.01,0.01-0.0287,1.4,BELOW,"Nefazodone: margin (total) 1.4x - below the convention threshold 50 (Liver-Chip, two donors: sensitivity 80% [54-93%], specificity 100% (27 drugs)). Band: 0.5x to 9.71x."
Olanzapine,20,7.44758,53.6817,225.714,50.1496,1028.46,True,375,free,"Ewart et al., Commun Med 2:154 (2022), Table 6 (threshold 375, chosen to maximise sensitivity at 100% specificity)","Liver-Chip, two donors: sensitivity 87% [62-96%], specificity 100% (27 drugs)",INCONCLUSIVE (censored below threshold),,,,,4,"chip POD (one donor informative): single value, 3-fold uncertainty assumed | total Cmax: single report (SD1), treated as exact | fraction unbound in plasma: single value, 3-fold uncertainty assumed | fraction unbound in chip medium (2% FBS) as extrapolated by the study authors, treated as exact","Olanzapine: margin (free) >226x. No toxicity observed up to the highest tested concentration, which does not reach the threshold of 375. Test higher before drawing a conclusion. Band: >50.1x to >1,028x.",olanzapine,clozapine,5,0.0018,0.0018,0.0018,9e-05,0.07,0.0233-0.21,20,INCONCLUSIVE (censored below threshold),"Olanzapine: margin (total) >20x. No toxicity observed up to the highest tested concentration, which does not reach the threshold of 50. Test higher before drawing a conclusion. Band: >7.46x to >53.4x."
Pioglitazone,2.8,0.881584,6.48546,94.0772,19.6453,164.465,False,375,free,"Ewart et al., Commun Med 2:154 (2022), Table 6 (threshold 375, chosen to maximise sensitivity at 100% specificity)","Liver-Chip, two donors: sensitivity 87% [62-96%], specificity 100% (27 drugs)",BELOW,,,,,2,"chip POD (one donor informative): single value, 3-fold uncertainty assumed | fraction unbound in chip medium (2% FBS) as extrapolated by the study authors, treated as exact","Pioglitazone: margin (free) 94.1x - below the convention threshold 375 (Liver-Chip, two donors: sensitivity 87% [62-96%], specificity 100% (27 drugs)). Band: 19.6x to 164x.",pioglitazone,troglitazone,3,8.4,8.4,8.4,3,0.01,0.01-0.0198,2.8,BELOW,"Pioglitazone: margin (total) 2.8x - below the convention threshold 50 (Liver-Chip, two donors: sensitivity 80% [54-93%], specificity 100% (27 drugs)). Band: 0.88x to 6.47x."
Simvastatin,17,5.94508,30.9944,215.599,101.222,780.146,False,375,free,"Ewart et al., Commun Med 2:154 (2022), Table 6 (threshold 375, chosen to maximise sensitivity at 100% specificity)","Liver-Chip, two donors: sensitivity 87% [62-96%], specificity 100% (27 drugs)",STRADDLES,,,,,1,"fraction unbound in chip medium (2% FBS) as extrapolated by the study authors, treated as exact",Simvastatin: margin (free) 216x. Band: 101x to 780x. Band straddles the threshold of 375. This compound needs more chips before a decision.,simvastatin,,2,0.34,0.34,0.9,0.02,0.06,0.02-0.0674,17,BELOW,"Simvastatin: margin (total) 17x - below the convention threshold 50 (Liver-Chip, two donors: sensitivity 80% [54-93%], specificity 100% (27 drugs)). Band: 5.97x to 31.2x."
Sitaxsentan,0.04,0.04,1.29131,1.34398,1.34398,44.2228,False,375,free,"Ewart et al., Commun Med 2:154 (2022), Table 6 (threshold 375, chosen to maximise sensitivity at 100% specificity)","Liver-Chip, two donors: sensitivity 87% [62-96%], specificity 100% (27 drugs)",BELOW,,,,,1,"fraction unbound in chip medium (2% FBS) as extrapolated by the study authors, treated as exact","Sitaxsentan: margin (free) 1.34x - below the convention threshold 375 (Liver-Chip, two donors: sensitivity 87% [62-96%], specificity 100% (27 drugs)). Band: 1.34x to 44.2x.",sitaxsentan,ambrisentan,1,1.144,1.144,45.76,28.6,0.01,0.00862-0.0113,0.04,BELOW,"Sitaxsentan: margin (total) 0.04x - below the convention threshold 50 (Liver-Chip, two donors: sensitivity 80% [54-93%], specificity 100% (27 drugs)). Band: 0.04x to 1.28x."
Stavudine,107,107,236.495,107,107,546.302,False,375,free,"Ewart et al., Commun Med 2:154 (2022), Table 6 (threshold 375, chosen to maximise sensitivity at 100% specificity)","Liver-Chip, two donors: sensitivity 87% [62-96%], specificity 100% (27 drugs)",STRADDLES,,,,,3,"total Cmax: single report (SD1), treated as exact | fraction unbound in plasma: single value, 3-fold uncertainty assumed | fraction unbound in chip medium (2% FBS) as extrapolated by the study authors, treated as exact",Stavudine: margin (free) 107x. Band: 107x to 546x. Band straddles the threshold of 375. This compound needs more chips before a decision.,stavudine,,1,370.22,370.22,854.62,3.46,1,0.333-1,107,ABOVE,"Stavudine: margin (total) 107x - above the convention threshold 50 (Liver-Chip, two donors: sensitivity 80% [54-93%], specificity 100% (27 drugs)). Band: 107x to 237x."
Tacrine,12,3.52558,29.8471,45.2642,9.07884,124.639,True,375,free,"Ewart et al., Commun Med 2:154 (2022), Table 6 (threshold 375, chosen to maximise sensitivity at 100% specificity)","Liver-Chip, two donors: sensitivity 87% [62-96%], specificity 100% (27 drugs)",INCONCLUSIVE (censored below threshold),,,,,2,"chip POD (one donor informative): single value, 3-fold uncertainty assumed | fraction unbound in chip medium (2% FBS) as extrapolated by the study authors, treated as exact","Tacrine: margin (free) >45.3x. No toxicity observed up to the highest tested concentration, which does not reach the threshold of 375. Test higher before drawing a conclusion. Band: >9.08x to >125x.",tacrine,,2,1.2,1.2,1.2,0.1,0.25,0.135-0.61,12,INCONCLUSIVE (censored below threshold),"Tacrine: margin (total) >12x. No toxicity observed up to the highest tested concentration, which does not reach the threshold of 50. Test higher before drawing a conclusion. Band: >3.57x to >30.2x."
Telithromycin,6,2.9395,23.3979,14.805,10.2801,102.241,False,375,free,"Ewart et al., Commun Med 2:154 (2022), Table 6 (threshold 375, chosen to maximise sensitivity at 100% specificity)","Liver-Chip, two donors: sensitivity 87% [62-96%], specificity 100% (27 drugs)",BELOW,,,,,2,"chip POD (one donor informative): single value, 3-fold uncertainty assumed | fraction unbound in chip medium (2% FBS) as extrapolated by the study authors, treated as exact","Telithromycin: margin (free) 14.8x - below the convention threshold 375 (Liver-Chip, two donors: sensitivity 87% [62-96%], specificity 100% (27 drugs)). Band: 10.3x to 102x.",telithromycin,,1,16.74,16.74,16.74,2.79,0.4,0.157-0.4,6,BELOW,"Telithromycin: margin (total) 6x - below the convention threshold 50 (Liver-Chip, two donors: sensitivity 80% [54-93%], specificity 100% (27 drugs)). Band: 2.9x to 23.5x."
Tolcapone,0.004,0.004,0.10689,0.189,0.0478941,2.18561,False,375,free,"Ewart et al., Commun Med 2:154 (2022), Table 6 (threshold 375, chosen to maximise sensitivity at 100% specificity)","Liver-Chip, two donors: sensitivity 87% [62-96%], specificity 100% (27 drugs)",BELOW,,,,,1,"fraction unbound in chip medium (2% FBS) as extrapolated by the study authors, treated as exact","Tolcapone: margin (free) 0.19x - below the convention threshold 375 (Liver-Chip, two donors: sensitivity 87% [62-96%], specificity 100% (27 drugs)). Band: 0.048x to 2.19x.",tolcapone,entacapone,1,0.1904,0.1904,2.38,47.6,0.0012,0.0012-0.014,0.004,BELOW,"Tolcapone: margin (total) 0.004x - below the convention threshold 50 (Liver-Chip, two donors: sensitivity 80% [54-93%], specificity 100% (27 drugs)). Band: 0.004x to 0.11x."
Troglitazone,0.03,0.03,0.102882,1.42309,0.0550481,2.54237,False,375,free,"Ewart et al., Commun Med 2:154 (2022), Table 6 (threshold 375, chosen to maximise sensitivity at 100% specificity)","Liver-Chip, two donors: sensitivity 87% [62-96%], specificity 100% (27 drugs)",BELOW,,,,,1,"fraction unbound in chip medium (2% FBS) as extrapolated by the study authors, treated as exact","Troglitazone: margin (free) 1.42x - below the convention threshold 375 (Liver-Chip, two donors: sensitivity 87% [62-96%], specificity 100% (27 drugs)). Band: 0.055x to 2.54x.",troglitazone,pioglitazone,1,0.1824,0.1824,0.608,6.08,0.0011,0.0011-0.06,0.03,BELOW,"Troglitazone: margin (total) 0.03x - below the convention threshold 50 (Liver-Chip, two donors: sensitivity 80% [54-93%], specificity 100% (27 drugs)). Band: 0.03x to 0.1x."
Trovafloxacin,19,13.433,19.1228,74.2582,27.7171,95.9315,False,375,free,"Ewart et al., Commun Med 2:154 (2022), Table 6 (threshold 375, chosen to maximise sensitivity at 100% specificity)","Liver-Chip, two donors: sensitivity 87% [62-96%], specificity 100% (27 drugs)",BELOW,,,,,1,"fraction unbound in chip medium (2% FBS) as extrapolated by the study authors, treated as exact","Trovafloxacin: margin (free) 74.3x - below the convention threshold 375 (Liver-Chip, two donors: sensitivity 87% [62-96%], specificity 100% (27 drugs)). Band: 27.7x to 95.9x.",trovafloxacin,levofloxacin,1,95,95,100,5,0.24,0.152-0.557,19,BELOW,"Trovafloxacin: margin (total) 19x - below the convention threshold 50 (Liver-Chip, two donors: sensitivity 80% [54-93%], specificity 100% (27 drugs)). Band: 13.4x to 19.1x."
Ximelagatran,30,30,268.03,30,30,544.801,False,375,free,"Ewart et al., Commun Med 2:154 (2022), Table 6 (threshold 375, chosen to maximise sensitivity at 100% specificity)","Liver-Chip, two donors: sensitivity 87% [62-96%], specificity 100% (27 drugs)",STRADDLES,,,,,3,"total Cmax: single report (SD1), treated as exact | fraction unbound in plasma: single value, 3-fold uncertainty assumed | fraction unbound in chip medium (2% FBS) as extrapolated by the study authors, treated as exact",Ximelagatran: margin (free) 30x. Band: 30x to 545x. Band straddles the threshold of 375. This compound needs more chips before a decision.,ximelagatran,,1,13.5,13.5,135,0.45,1,0.333-1,30,STRADDLES,Ximelagatran: margin (total) 30x. Band: 30x to 267x. Band straddles the threshold of 50. This compound needs more chips before a decision.
Zileuton,15,4.91715,35.3435,169.282,28.7099,281.004,False,375,free,"Ewart et al., Commun Med 2:154 (2022), Table 6 (threshold 375, chosen to maximise sensitivity at 100% specificity)","Liver-Chip, two donors: sensitivity 87% [62-96%], specificity 100% (27 drugs)",BELOW,,,,,2,"chip POD (one donor informative): single value, 3-fold uncertainty assumed | fraction unbound in chip medium (2% FBS) as extrapolated by the study authors, treated as exact","Zileuton: margin (free) 169x - below the convention threshold 375 (Liver-Chip, two donors: sensitivity 87% [62-96%], specificity 100% (27 drugs)). Band: 28.7x to 281x.",zileuton,,2,196.5,196.5,196.5,13.1,0.07,0.07-0.192,15,BELOW,"Zileuton: margin (total) 15x - below the convention threshold 50 (Liver-Chip, two donors: sensitivity 80% [54-93%], specificity 100% (27 drugs)). Band: 4.86x to 35.5x."
