compound,route,potency,exposure,aed_mg_kg_day,expocast_mg_kg_day,invivo_lowest_pod_mg_kg,margin,band_low,band_high,margin_basis,verdict,n_assumptions,assumptions,margin_total,margin_total_band_low,margin_total_band_high
Pravastatin sodium,network EC50 vs clinical Cmax,EC50 0.278 uM,Cmax 0.429 uM (Geci et al.),,,,3.95423,1.26376,17.0585,EC50 / free Cmax,no published convention threshold for MEA network-formation endpoints,2,"network EC50: single value, 3-fold uncertainty assumed | fraction unbound in MEA medium taken as 1 (nominal = free); serum content not modelled",0.648484,0.320729,2.69527
CP-457920,network EC50 vs clinical Cmax,EC50 3.38 uM,Cmax 3.09 uM (Geci et al.),,,,9.64847,3.82237,132.298,EC50 / free Cmax,no published convention threshold for MEA network-formation endpoints,3,"network EC50: single value, 3-fold uncertainty assumed | total Cmax (Geci et al.): single value, 3-fold uncertainty assumed | fraction unbound in MEA medium taken as 1 (nominal = free); serum content not modelled",1.09356,0.244985,4.91377
Diphenhydramine hydrochloride,network EC50 vs clinical Cmax,EC50 4.74 uM,Cmax 0.726 uM (Geci et al.),,,,27.2147,14.8705,142.034,EC50 / free Cmax,no published convention threshold for MEA network-formation endpoints,2,"network EC50: single value, 3-fold uncertainty assumed | fraction unbound in MEA medium taken as 1 (nominal = free); serum content not modelled",6.52254,3.28076,27.9766
Folic acid,network EC50 vs clinical Cmax,EC50 2.55 uM,Cmax 0.135 uM (Geci et al.),,,,54.9041,2.44662,172.646,EC50 / free Cmax,no published convention threshold for MEA network-formation endpoints,2,"network EC50: single value, 3-fold uncertainty assumed | fraction unbound in MEA medium taken as 1 (nominal = free); serum content not modelled",18.8854,0.628527,41.374
Tamoxifen,network EC50 vs clinical Cmax,EC50 0.0814 uM,Cmax 0.146 uM (Geci et al.),,,,59.9233,2.36143,337.875,EC50 / free Cmax,no published convention threshold for MEA network-formation endpoints,2,"network EC50: single value, 3-fold uncertainty assumed | fraction unbound in MEA medium taken as 1 (nominal = free); serum content not modelled",0.557609,0.0170446,0.957303
Abamectin,AED vs predicted exposure,AED 1.68e-05 mg/kg/day,ExpoCast 4.37e-08 mg/kg/day,1.68241e-05,4.37e-08,0.2,384.991,84.2797,1706.53,AED / exposure (both mg/kg/day),no published convention threshold for MEA network-formation endpoints,2,"AED (EPA, from min EC50): single value, 3-fold uncertainty assumed | ExpoCast median exposure: single value, 3-fold uncertainty assumed",,,
Permethrin,AED vs predicted exposure,AED 0.00199 mg/kg/day,ExpoCast 2e-06 mg/kg/day,0.0019943,2e-06,10,997.152,220.577,4485.88,AED / exposure (both mg/kg/day),no published convention threshold for MEA network-formation endpoints,2,"AED (EPA, from min EC50): single value, 3-fold uncertainty assumed | ExpoCast median exposure: single value, 3-fold uncertainty assumed",,,
Simvastatin,network EC50 vs clinical Cmax,EC50 0.692 uM,Cmax 0.0297 uM (Geci et al.),,,,1025.17,118.023,1843.72,EC50 / free Cmax,no published convention threshold for MEA network-formation endpoints,2,"network EC50: single value, 3-fold uncertainty assumed | fraction unbound in MEA medium taken as 1 (nominal = free); serum content not modelled",23.3136,4.90678,59.1517
Aldrin,AED vs predicted exposure,AED 0.000167 mg/kg/day,ExpoCast 1.27e-07 mg/kg/day,0.000166762,1.27e-07,,1313.08,288.784,5941.59,AED / exposure (both mg/kg/day),no published convention threshold for MEA network-formation endpoints,2,"AED (EPA, from min EC50): single value, 3-fold uncertainty assumed | ExpoCast median exposure: single value, 3-fold uncertainty assumed",,,
Lovastatin,network EC50 vs clinical Cmax,EC50 2.27 uM,Cmax 0.0166 uM (Geci et al.),,,,5274.69,568.495,10987.4,EC50 / free Cmax,no published convention threshold for MEA network-formation endpoints,2,"network EC50: single value, 3-fold uncertainty assumed | fraction unbound in MEA medium taken as 1 (nominal = free); serum content not modelled",136.5,27.4644,381.404
Allethrin,AED vs predicted exposure,AED 0.000151 mg/kg/day,ExpoCast 1.8e-08 mg/kg/day,0.000151176,1.8e-08,0.42,8398.67,1932.53,37459.7,AED / exposure (both mg/kg/day),no published convention threshold for MEA network-formation endpoints,2,"AED (EPA, from min EC50): single value, 3-fold uncertainty assumed | ExpoCast median exposure: single value, 3-fold uncertainty assumed",,,
Endosulfan,AED vs predicted exposure,AED 0.00133 mg/kg/day,ExpoCast 1.36e-07 mg/kg/day,0.00132615,1.36e-07,0.5,9751.13,2148.03,43910.5,AED / exposure (both mg/kg/day),no published convention threshold for MEA network-formation endpoints,2,"AED (EPA, from min EC50): single value, 3-fold uncertainty assumed | ExpoCast median exposure: single value, 3-fold uncertainty assumed",,,
Rotenone,AED vs predicted exposure,AED 0.000287 mg/kg/day,ExpoCast 2.15e-08 mg/kg/day,0.000287248,2.15e-08,3,13360.4,3006.95,60949,AED / exposure (both mg/kg/day),no published convention threshold for MEA network-formation endpoints,2,"AED (EPA, from min EC50): single value, 3-fold uncertainty assumed | ExpoCast median exposure: single value, 3-fold uncertainty assumed",,,
Carbofuran,AED vs predicted exposure,AED 0.131 mg/kg/day,ExpoCast 2.72e-06 mg/kg/day,0.130648,2.72e-06,,48032.4,10615.1,213530,AED / exposure (both mg/kg/day),no published convention threshold for MEA network-formation endpoints,2,"AED (EPA, from min EC50): single value, 3-fold uncertainty assumed | ExpoCast median exposure: single value, 3-fold uncertainty assumed",,,
Reserpine,network EC50 vs clinical Cmax,EC50 1.74 uM,Cmax 0.000444 uM (Geci et al.),,,,75207.2,14301.1,718449,EC50 / free Cmax,no published convention threshold for MEA network-formation endpoints,3,"network EC50: single value, 3-fold uncertainty assumed | total Cmax (Geci et al.): single value, 3-fold uncertainty assumed | fraction unbound in MEA medium taken as 1 (nominal = free); serum content not modelled",3916.79,871.053,17535.9
Simvastatin,AED vs predicted exposure,AED 0.0222 mg/kg/day,ExpoCast 2.86e-07 mg/kg/day,0.02224,2.86e-07,20,77762.2,17151.7,354722,AED / exposure (both mg/kg/day),no published convention threshold for MEA network-formation endpoints,2,"AED (EPA, from min EC50): single value, 3-fold uncertainty assumed | ExpoCast median exposure: single value, 3-fold uncertainty assumed",,,
S-Bioallethrin,AED vs predicted exposure,AED 0.002 mg/kg/day,ExpoCast 1.62e-08 mg/kg/day,0.0020038,1.62e-08,,123691,27465.1,549247,AED / exposure (both mg/kg/day),no published convention threshold for MEA network-formation endpoints,2,"AED (EPA, from min EC50): single value, 3-fold uncertainty assumed | ExpoCast median exposure: single value, 3-fold uncertainty assumed",,,
17beta-Estradiol,network EC50 vs clinical Cmax,EC50 5.43 uM,Cmax 0.000661 uM (Geci et al.),,,,267592,120354,1.5272e+06,EC50 / free Cmax,no published convention threshold for MEA network-formation endpoints,2,"network EC50: single value, 3-fold uncertainty assumed | fraction unbound in MEA medium taken as 1 (nominal = free); serum content not modelled",8215.45,4819.04,58569.7
Dichlorodiphenyltrichloroethane,AED vs predicted exposure,AED 0.246 mg/kg/day,ExpoCast 1.22e-07 mg/kg/day,0.245808,1.22e-07,,2.01482e+06,453850,8.98547e+06,AED / exposure (both mg/kg/day),no published convention threshold for MEA network-formation endpoints,2,"AED (EPA, from min EC50): single value, 3-fold uncertainty assumed | ExpoCast median exposure: single value, 3-fold uncertainty assumed",,,
Molinate,AED vs predicted exposure,AED 0.128 mg/kg/day,ExpoCast 5.99e-08 mg/kg/day,0.127705,5.99e-08,6.9,2.13197e+06,463204,9.51469e+06,AED / exposure (both mg/kg/day),no published convention threshold for MEA network-formation endpoints,2,"AED (EPA, from min EC50): single value, 3-fold uncertainty assumed | ExpoCast median exposure: single value, 3-fold uncertainty assumed",,,
Bifenthrin,AED vs predicted exposure,AED 0.0836 mg/kg/day,ExpoCast 2.33e-08 mg/kg/day,0.0835899,2.33e-08,7.2,3.58755e+06,803493,1.60471e+07,AED / exposure (both mg/kg/day),no published convention threshold for MEA network-formation endpoints,2,"AED (EPA, from min EC50): single value, 3-fold uncertainty assumed | ExpoCast median exposure: single value, 3-fold uncertainty assumed",,,
Boscalid,AED vs predicted exposure,AED 0.13 mg/kg/day,ExpoCast 1.82e-08 mg/kg/day,0.130063,1.82e-08,14,7.14632e+06,1.57836e+06,3.17452e+07,AED / exposure (both mg/kg/day),no published convention threshold for MEA network-formation endpoints,2,"AED (EPA, from min EC50): single value, 3-fold uncertainty assumed | ExpoCast median exposure: single value, 3-fold uncertainty assumed",,,
